[
    {
        "name": "Waterfall",
        "type": "normal",
        "secrets": 8,
        "cores": [
            740310812,
            82232284,
            1379043687,
            -1971268623
        ],
        "roomID": 0,
        "clear": "mob",
        "crypts": 3,
        "clearScore": 9,
        "secretScore": 7,
        "shape": "1x4"
    },
    {
        "name": "Raccoon",
        "type": "normal",
        "secrets": 4,
        "cores": [
            497881745
        ],
        "roomID": 1,
        "clear": "mob",
        "crypts": 2,
        "clearScore": 3,
        "secretScore": 4,
        "shape": "1x1",
        "doors": "0011"
    },
    {
        "name": "Spider",
        "type": "normal",
        "secrets": 9,
        "cores": [
            -1361285742,
            365045229,
            1778566373
        ],
        "roomID": 2,
        "clear": "miniboss",
        "crypts": 3,
        "clearScore": 3,
        "secretScore": 7,
        "shape": "L"
    },
    {
        "name": "Gold",
        "type": "normal",
        "secrets": 1,
        "cores": [
            1451614295,
            -1035453872
        ],
        "roomID": 3,
        "clear": "mob",
        "crypts": 0,
        "clearScore": 9,
        "secretScore": 2,
        "shape": "1x2"
    },
    {
        "name": "Shadow Assassin",
        "type": "yellow",
        "secrets": 0,
        "cores": [
            -430117371
        ],
        "roomID": 4,
        "crypts": 2,
        "roomScore": 4,
        "shape": "1x1",
        "doors": "1000"
    },
    {
        "name": "Fairy",
        "type": "fairy",
        "secrets": 0,
        "cores": [
            1484567748
        ],
        "roomID": 5,
        "crypts": 0,
        "roomScore": 0,
        "shape": "1x1",
        "doors": "0110"
    },
    {
        "name": "Mossy",
        "type": "normal",
        "secrets": 4,
        "cores": [
            -1169615458,
            1432034198,
            1896208123
        ],
        "roomID": 6,
        "clear": "miniboss",
        "crypts": 2,
        "clearScore": 2,
        "secretScore": 4,
        "shape": "1x4"
    },
    {
        "name": "Banners",
        "type": "normal",
        "secrets": 1,
        "cores": [
            -667603340
        ],
        "roomID": 7,
        "clear": "mob",
        "crypts": 1,
        "clearScore": 3,
        "secretScore": 1,
        "shape": "1x1",
        "doors": "1011"
    },
    {
        "name": "Catwalk",
        "type": "normal",
        "secrets": 6,
        "cores": [
            -1694830065,
            -1010346133,
            1600132124
        ],
        "roomID": 8,
        "clear": "miniboss",
        "crypts": 5,
        "clearScore": 2,
        "secretScore": 6,
        "shape": "1x3",
        "doors": "0001"
    },
    {
        "name": "Duncan",
        "type": "normal",
        "secrets": 1,
        "cores": [
            544418695
        ],
        "roomID": 9,
        "clear": "mob",
        "crypts": 0,
        "clearScore": 3,
        "secretScore": 3,
        "shape": "1x1",
        "doors": "1011"
    },
    {
        "name": "Blaze",
        "type": "puzzle",
        "secrets": 1,
        "cores": [
            -2089908593,
            461958223
        ],
        "roomID": 10,
        "crypts": 0,
        "roomScore": 5,
        "shape": "1x1",
        "doors": "1000"
    },
    {
        "name": "Red Green",
        "type": "normal",
        "secrets": 3,
        "cores": [
            -1085327384
        ],
        "roomID": 11,
        "clear": "mob",
        "crypts": 2,
        "clearScore": 6,
        "secretScore": 4,
        "shape": "1x1",
        "doors": "1011"
    },
    {
        "name": "Entrance",
        "type": "entrance",
        "secrets": 0,
        "cores": [
            274652966,
            -1092072828,
            1913969999
        ],
        "roomID": 12,
        "crypts": 0,
        "roomScore": 0,
        "shape": "1x1",
        "doors": "1000"
    },
    {
        "name": "New Trap",
        "type": "trap",
        "secrets": 3,
        "cores": [
            -1358669872,
            1628378960,
            -1989128497,
            997920335
        ],
        "trappedChests": 1,
        "roomID": 13,
        "crypts": 1,
        "roomScore": 5,
        "shape": "1x1",
        "doors": "1000"
    },
    {
        "name": "Wizard",
        "type": "normal",
        "secrets": 4,
        "cores": [
            735485465,
            1958624830,
            -23510667,
            -1994781831,
            -563599391
        ],
        "roomID": 14,
        "clear": "mob",
        "crypts": 8,
        "clearScore": 5,
        "secretScore": 5,
        "shape": "1x3",
        "doors": "1010"
    },
    {
        "name": "Blood",
        "type": "blood",
        "secrets": 0,
        "cores": [
            1088349648
        ],
        "roomID": 15,
        "crypts": 0,
        "roomScore": 0,
        "shape": "1x1",
        "doors": "1000"
    },
    {
        "name": "Dino Site",
        "type": "normal",
        "secrets": 4,
        "cores": [
            -1113939414,
            -1425445617,
            -609789679
        ],
        "roomID": 16,
        "clear": "miniboss",
        "crypts": 4,
        "clearScore": 3,
        "secretScore": 5,
        "shape": "L"
    },
    {
        "name": "Spikes",
        "type": "normal",
        "secrets": 3,
        "cores": [
            881396995
        ],
        "roomID": 17,
        "clear": "mob",
        "crypts": 2,
        "clearScore": 1,
        "secretScore": 5,
        "shape": "1x1",
        "doors": "0101"
    },
    {
        "name": "Quiz",
        "type": "puzzle",
        "secrets": 0,
        "cores": [
            1928619293
        ],
        "roomID": 18,
        "crypts": 0,
        "roomScore": 9,
        "shape": "1x1",
        "doors": "1000"
    },
    {
        "name": "Hall",
        "type": "normal",
        "secrets": 0,
        "cores": [
            -2131538192
        ],
        "roomID": 19,
        "clear": "mob",
        "crypts": 0,
        "clearScore": 3,
        "secretScore": 0,
        "shape": "1x1",
        "doors": "0101"
    },
    {
        "name": "Bomb Defuse",
        "type": "puzzle",
        "secrets": 0,
        "cores": [
            86014075
        ],
        "roomID": 20,
        "crypts": 0,
        "roomScore": 4,
        "shape": "1x1",
        "doors": "1000"
    },
    {
        "name": "Redstone Warrior",
        "type": "normal",
        "secrets": 3,
        "cores": [
            1313090868,
            1819727964
        ],
        "roomID": 21,
        "clear": "mob",
        "crypts": 4,
        "clearScore": 6,
        "secretScore": 5,
        "shape": "1x2"
    },
    {
        "name": "Pit",
        "type": "normal",
        "secrets": 5,
        "cores": [
            -1862968316,
            -258250108,
            265221970,
            430079089,
            -1036399914
        ],
        "roomID": 22,
        "clear": "mob",
        "crypts": 4,
        "clearScore": 10,
        "secretScore": 5,
        "shape": "1x4"
    },
    {
        "name": "Flags",
        "type": "normal",
        "secrets": 7,
        "cores": [
            284566079,
            1157102457,
            -1267948931,
            67929126
        ],
        "roomID": 23,
        "clear": "miniboss",
        "crypts": 8,
        "clearScore": 4,
        "secretScore": 7,
        "shape": "2x2"
    },
    {
        "name": "Tic Tac Toe",
        "type": "puzzle",
        "secrets": 1,
        "cores": [
            1958698161
        ],
        "roomID": 24,
        "crypts": 0,
        "roomScore": 4,
        "shape": "1x1",
        "doors": "1000"
    },
    {
        "name": "Cages",
        "type": "normal",
        "secrets": 2,
        "cores": [
            -1985726084
        ],
        "roomID": 25,
        "clear": "mob",
        "crypts": 0,
        "clearScore": 5,
        "secretScore": 5,
        "shape": "1x1",
        "doors": "0101"
    },
    {
        "name": "Big Red Flag",
        "type": "normal",
        "secrets": 2,
        "cores": [
            -1265317780
        ],
        "roomID": 26,
        "clear": "mob",
        "crypts": 1,
        "clearScore": 5,
        "secretScore": 3,
        "shape": "1x1",
        "doors": "0011"
    },
    {
        "name": "Balcony",
        "type": "normal",
        "secrets": 4,
        "cores": [
            1989395652,
            559495102,
            -904697545
        ],
        "roomID": 27,
        "clear": "mob",
        "crypts": 0,
        "clearScore": 5,
        "secretScore": 7,
        "shape": "1x2"
    },
    {
        "name": "Dueces",
        "type": "normal",
        "secrets": 3,
        "cores": [
            1046920372
        ],
        "trappedChests": 1,
        "roomID": 28,
        "clear": "mob",
        "crypts": 6,
        "clearScore": 2,
        "secretScore": 3,
        "shape": "1x1",
        "doors": "0101"
    },
    {
        "name": "Stairs",
        "type": "normal",
        "secrets": 4,
        "cores": [
            -330702540,
            -283979980,
            606731747,
            -697693183
        ],
        "roomID": 29,
        "clear": "mob",
        "crypts": 1,
        "clearScore": 4,
        "secretScore": 3,
        "shape": "2x2"
    },
    {
        "name": "Dome",
        "type": "normal",
        "secrets": 2,
        "cores": [
            462413746
        ],
        "roomID": 30,
        "clear": "mob",
        "crypts": 2,
        "clearScore": 5,
        "secretScore": 3,
        "shape": "1x1",
        "doors": "1011"
    },
    {
        "name": "Small Waterfall",
        "type": "normal",
        "secrets": 2,
        "cores": [
            -1682285647
        ],
        "roomID": 31,
        "clear": "mob",
        "crypts": 5,
        "clearScore": 4,
        "secretScore": 3,
        "shape": "1x1",
        "doors": "0011"
    },
    {
        "name": "Cage",
        "type": "normal",
        "secrets": 1,
        "cores": [
            272954274
        ],
        "roomID": 32,
        "clear": "mob",
        "crypts": 0,
        "clearScore": 4,
        "secretScore": 1,
        "shape": "1x1",
        "doors": "1011"
    },
    {
        "name": "Steps",
        "type": "normal",
        "secrets": 1,
        "cores": [
            1350621298
        ],
        "roomID": 33,
        "clear": "mob",
        "crypts": 1,
        "clearScore": 3,
        "secretScore": 2,
        "shape": "1x1",
        "doors": "0101"
    },
    {
        "name": "Atlas",
        "type": "normal",
        "secrets": 6,
        "cores": [
            -685489527,
            -38388847,
            308515062,
            745093020
        ],
        "roomID": 34,
        "clear": "mob",
        "crypts": 5,
        "clearScore": 7,
        "secretScore": 8,
        "shape": "2x2"
    },
    {
        "name": "Dragon",
        "type": "yellow",
        "secrets": 0,
        "cores": [
            84632407
        ],
        "roomID": 35,
        "crypts": 0,
        "roomScore": 3,
        "shape": "1x1",
        "doors": "1000"
    },
    {
        "name": "Lava Ravine",
        "type": "normal",
        "secrets": 6,
        "cores": [
            -294054018,
            -2053308786,
            -2040489612
        ],
        "roomID": 36,
        "clear": "mob",
        "crypts": 4,
        "clearScore": 8,
        "secretScore": 7,
        "shape": "L"
    },
    {
        "name": "Deathmite",
        "type": "normal",
        "secrets": 6,
        "cores": [
            -233562612,
            -1901273450,
            -1408070175,
            295356427
        ],
        "roomID": 37,
        "clear": "miniboss",
        "crypts": 4,
        "clearScore": 4,
        "secretScore": 7,
        "shape": "1x3"
    },
    {
        "name": "Blue Skulls",
        "type": "normal",
        "secrets": 1,
        "cores": [
            45200304
        ],
        "roomID": 38,
        "clear": "mob",
        "crypts": 4,
        "clearScore": 4,
        "secretScore": 3,
        "shape": "1x1",
        "doors": "0011"
    },
    {
        "name": "Ice Path",
        "type": "puzzle",
        "secrets": 0,
        "cores": [
            1073658098
        ],
        "roomID": 39,
        "crypts": 0,
        "roomScore": 5,
        "shape": "1x1",
        "doors": "1000"
    },
    {
        "name": "Purple Flags",
        "type": "normal",
        "secrets": 5,
        "cores": [
            -882460923,
            579705967
        ],
        "roomID": 40,
        "clear": "mob",
        "crypts": 7,
        "clearScore": 7,
        "secretScore": 6,
        "shape": "1x2"
    },
    {
        "name": "Long Hall",
        "type": "normal",
        "secrets": 3,
        "cores": [
            -872480083
        ],
        "roomID": 41,
        "clear": "mob",
        "crypts": 3,
        "clearScore": 4,
        "secretScore": 5,
        "shape": "1x1",
        "doors": "0011"
    },
    {
        "name": "Red Blue",
        "type": "normal",
        "secrets": 4,
        "cores": [
            1607395895,
            -1794981292,
            1011477602,
            1374070707
        ],
        "roomID": 42,
        "clear": "miniboss",
        "crypts": 1,
        "clearScore": 3,
        "secretScore": 4,
        "shape": "1x3"
    },
    {
        "name": "Overgrown Chains",
        "type": "normal",
        "secrets": 2,
        "cores": [
            1077887433
        ],
        "roomID": 43,
        "clear": "mob",
        "crypts": 1,
        "clearScore": 6,
        "secretScore": 4,
        "shape": "1x1",
        "doors": "0101"
    },
    {
        "name": "Old Trap",
        "type": "trap",
        "secrets": 4,
        "cores": [
            1128554492,
            -625336388
        ],
        "roomID": 44,
        "crypts": 2,
        "roomScore": 2,
        "shape": "1x1",
        "doors": "1000"
    },
    {
        "name": "Water",
        "type": "normal",
        "secrets": 2,
        "cores": [
            -1849552977
        ],
        "roomID": 45,
        "clear": "mob",
        "crypts": 0,
        "clearScore": 4,
        "secretScore": 3,
        "shape": "1x1",
        "doors": "0101"
    },
    {
        "name": "Rails",
        "type": "normal",
        "secrets": 9,
        "cores": [
            1937419120,
            -1778261714,
            526587049,
            -214948895
        ],
        "roomID": 46,
        "clear": "miniboss",
        "crypts": 1,
        "clearScore": 4,
        "secretScore": 8,
        "shape": "2x2"
    },
    {
        "name": "Ice Fill",
        "type": "puzzle",
        "secrets": 0,
        "cores": [
            2051424561,
            1262122263,
            1673994041,
            884728242
        ],
        "roomID": 47,
        "crypts": 0,
        "roomScore": 10,
        "shape": "1x1",
        "doors": "1000"
    },
    {
        "name": "Mushroom",
        "type": "normal",
        "secrets": 1,
        "cores": [
            1073109158
        ],
        "roomID": 48,
        "clear": "mob",
        "crypts": 0,
        "clearScore": 3,
        "secretScore": 3,
        "shape": "1x1",
        "doors": "0011"
    },
    {
        "name": "Rare Overgrown",
        "type": "rare",
        "secrets": 3,
        "cores": [
            -1643528240
        ],
        "roomID": 49,
        "clear": "mob",
        "crypts": null,
        "clearScore": 5,
        "secretScore": 8,
        "shape": "1x1",
        "doors": "1000"
    },
    {
        "name": "Bridges",
        "type": "normal",
        "secrets": 6,
        "cores": [
            -1222835760,
            -1989950542,
            -481076847,
            -866588661,
            1919504940
        ],
        "roomID": 50,
        "clear": "mob",
        "crypts": 6,
        "clearScore": 7,
        "secretScore": 7,
        "shape": "1x2"
    },
    {
        "name": "Creeper Beams",
        "type": "puzzle",
        "secrets": 0,
        "cores": [
            787281630,
            -166947265,
            1062329762
        ],
        "roomID": 51,
        "crypts": 0,
        "roomScore": 3,
        "shape": "1x1",
        "doors": "1000"
    },
    {
        "name": "Three Weirdos",
        "type": "puzzle",
        "secrets": 0,
        "cores": [
            -476788643
        ],
        "roomID": 52,
        "crypts": 0,
        "roomScore": 1,
        "shape": "1x1",
        "doors": "1000"
    },
    {
        "name": "Museum",
        "type": "normal",
        "secrets": 5,
        "cores": [
            1514395908,
            -1797804860,
            -1957538226,
            -2121384577
        ],
        "roomID": 53,
        "clear": "miniboss",
        "crypts": 4,
        "clearScore": 3,
        "secretScore": 5,
        "shape": "2x2"
    },
    {
        "name": "Quad Lava",
        "type": "normal",
        "secrets": 2,
        "cores": [
            52900193
        ],
        "roomID": 54,
        "clear": "mob",
        "crypts": 0,
        "clearScore": 2,
        "secretScore": 4,
        "shape": "1x1",
        "doors": "1111"
    },
    {
        "name": "Small Stairs",
        "type": "normal",
        "secrets": 2,
        "cores": [
            -1250912300
        ],
        "roomID": 55,
        "clear": "mob",
        "crypts": 1,
        "clearScore": 7,
        "secretScore": 2,
        "shape": "1x1",
        "doors": "0101"
    },
    {
        "name": "Jumping Skulls",
        "type": "normal",
        "secrets": 1,
        "cores": [
            -1496765468
        ],
        "roomID": 56,
        "clear": "mob",
        "crypts": 0,
        "clearScore": 5,
        "secretScore": 2,
        "shape": "1x1",
        "doors": "0101"
    },
    {
        "name": "King Midas",
        "type": "yellow",
        "secrets": 0,
        "cores": [
            -1678546839
        ],
        "roomID": 57,
        "crypts": 1,
        "roomScore": 5,
        "shape": "1x1",
        "doors": "1000"
    },
    {
        "name": "Diagonal",
        "type": "normal",
        "secrets": 4,
        "cores": [
            1927292233,
            -277536236,
            -464769223
        ],
        "roomID": 58,
        "clear": "miniboss",
        "crypts": 3,
        "clearScore": 3,
        "secretScore": 5,
        "shape": "1x3",
        "doors": "1010"
    },
    {
        "name": "Mural",
        "type": "normal",
        "secrets": 1,
        "cores": [
            -1027066030
        ],
        "roomID": 59,
        "clear": "mob",
        "crypts": 0,
        "clearScore": 4,
        "secretScore": 1,
        "shape": "1x1",
        "doors": "0011"
    },
    {
        "name": "Market",
        "type": "normal",
        "secrets": 5,
        "cores": [
            270637140,
            -402574914,
            -880417926,
            -335046406
        ],
        "roomID": 60,
        "clear": "miniboss",
        "crypts": 4,
        "clearScore": 3,
        "secretScore": 5,
        "shape": "L"
    },
    {
        "name": "Hallway",
        "type": "normal",
        "secrets": 3,
        "cores": [
            -1644671806,
            -1723662179,
            351544339,
            -402028497
        ],
        "roomID": 61,
        "clear": "miniboss",
        "crypts": 1,
        "clearScore": 3,
        "secretScore": 4,
        "shape": "1x4"
    },
    {
        "name": "Beams",
        "type": "normal",
        "secrets": 2,
        "cores": [
            -2082251638
        ],
        "roomID": 62,
        "clear": "mob",
        "crypts": 2,
        "clearScore": 6,
        "secretScore": 3,
        "shape": "1x1",
        "doors": "1011"
    },
    {
        "name": "Dip",
        "type": "normal",
        "secrets": 2,
        "cores": [
            -1691958814
        ],
        "roomID": 63,
        "clear": "mob",
        "crypts": 3,
        "clearScore": 5,
        "secretScore": 4,
        "shape": "1x1",
        "doors": "1011"
    },
    {
        "name": "Basement",
        "type": "normal",
        "secrets": 1,
        "cores": [
            -204678789
        ],
        "roomID": 64,
        "clear": "mob",
        "crypts": 0,
        "clearScore": 4,
        "secretScore": 2,
        "shape": "1x1",
        "doors": "0011"
    },
    {
        "name": "Water Board",
        "type": "puzzle",
        "secrets": 0,
        "cores": [
            -109725212,
            -353291158,
            2014437159,
            -325964637,
            -1489069695,
            -1732086817,
            -714138899,
            -1663643617,
            307295840,
            -685683836,
            -1275467687,
            1335854055
        ],
        "roomID": 65,
        "crypts": 0,
        "roomScore": 7,
        "shape": "1x1",
        "doors": "1000"
    },
    {
        "name": "Quartz Knight",
        "type": "normal",
        "secrets": 7,
        "cores": [
            -129760550,
            153753389,
            -1639566599,
            -742870398
        ],
        "roomID": 66,
        "clear": "miniboss",
        "crypts": 9,
        "clearScore": 3,
        "secretScore": 7,
        "shape": "1x4"
    },
    {
        "name": "Pressure Plates",
        "type": "normal",
        "secrets": 6,
        "cores": [
            1172966775,
            681797038
        ],
        "roomID": 67,
        "clear": "mob",
        "crypts": 6,
        "clearScore": 6,
        "secretScore": 6,
        "shape": "1x2"
    },
    {
        "name": "Default",
        "type": "yellow",
        "secrets": 0,
        "cores": [
            652570347,
            1956609103
        ],
        "roomID": 68,
        "crypts": 0,
        "roomScore": 3,
        "shape": "1x1",
        "doors": "0010"
    },
    {
        "name": "Cell",
        "type": "normal",
        "secrets": 1,
        "cores": [
            1751890846
        ],
        "roomID": 69,
        "clear": "mob",
        "crypts": 0,
        "clearScore": 4,
        "secretScore": 2,
        "shape": "1x1",
        "doors": "0101"
    },
    {
        "name": "Mirror",
        "type": "normal",
        "secrets": 1,
        "cores": [
            -1823353629
        ],
        "roomID": 70,
        "clear": "mob",
        "crypts": 0,
        "clearScore": 5,
        "secretScore": 3,
        "shape": "1x1",
        "doors": "0101"
    },
    {
        "name": "Lots Of Floors",
        "type": "normal",
        "secrets": 3,
        "cores": [
            1449723216
        ],
        "roomID": 71,
        "clear": "mob",
        "crypts": 1,
        "clearScore": 4,
        "secretScore": 4,
        "shape": "1x1",
        "doors": "1011"
    },
    {
        "name": "Mines",
        "type": "normal",
        "secrets": 10,
        "cores": [
            1363618678,
            -361911912,
            1227315161,
            -39488099
        ],
        "roomID": 73,
        "clear": "mob",
        "crypts": 11,
        "clearScore": 10,
        "secretScore": 10,
        "shape": "2x2"
    },
    {
        "name": "Sloth",
        "type": "normal",
        "secrets": 1,
        "cores": [
            -1390729196
        ],
        "roomID": 74,
        "clear": "mob",
        "crypts": 1,
        "clearScore": 2,
        "secretScore": 1,
        "shape": "1x1",
        "doors": "1011"
    },
    {
        "name": "Withermancer",
        "type": "normal",
        "secrets": 4,
        "cores": [
            -1645219026,
            -499989468,
            -406356904,
            -1293381735
        ],
        "roomID": 75,
        "clear": "mob",
        "crypts": 6,
        "clearScore": 7,
        "secretScore": 4,
        "shape": "L"
    },
    {
        "name": "Cathedral",
        "type": "normal",
        "secrets": 8,
        "cores": [
            -2043617055,
            1956475445,
            789869846,
            -1212586959
        ],
        "roomID": 76,
        "clear": "miniboss",
        "crypts": 5,
        "clearScore": 4,
        "secretScore": 8,
        "shape": "2x2"
    },
    {
        "name": "Gravel",
        "type": "normal",
        "secrets": 6,
        "cores": [
            4304131,
            1127962661,
            841898152
        ],
        "roomID": 77,
        "clear": "miniboss",
        "crypts": 2,
        "clearScore": 3,
        "secretScore": 5,
        "shape": "1x3",
        "doors": "0010"
    },
    {
        "name": "Crypt",
        "type": "normal",
        "secrets": 5,
        "cores": [
            -845911506,
            331494915
        ],
        "roomID": 78,
        "clear": "mob",
        "crypts": 2,
        "clearScore": 10,
        "secretScore": 6,
        "shape": "1x2"
    },
    {
        "name": "Slabs",
        "type": "normal",
        "secrets": 2,
        "cores": [
            -1811244478
        ],
        "roomID": 79,
        "clear": "mob",
        "crypts": 2,
        "clearScore": 5,
        "secretScore": 3,
        "shape": "1x1",
        "doors": "0101"
    },
    {
        "name": "Double Diamond",
        "type": "normal",
        "secrets": 3,
        "cores": [
            1308341800
        ],
        "roomID": 81,
        "clear": "mob",
        "crypts": 0,
        "clearScore": 5,
        "secretScore": 4,
        "shape": "1x1",
        "doors": "0011"
    },
    {
        "name": "Archway",
        "type": "normal",
        "secrets": 3,
        "cores": [
            -1347995106,
            123603633
        ],
        "roomID": 82,
        "clear": "mob",
        "crypts": 4,
        "clearScore": 4,
        "secretScore": 3,
        "shape": "1x2"
    },
    {
        "name": "Boulder",
        "type": "puzzle",
        "secrets": 0,
        "cores": [
            632136981,
            307825200,
            -267112000,
            -591423781
        ],
        "roomID": 83,
        "crypts": 0,
        "roomScore": 1,
        "shape": "1x1",
        "doors": "1000"
    },
    {
        "name": "Chains",
        "type": "normal",
        "secrets": 2,
        "cores": [
            113272043
        ],
        "roomID": 84,
        "clear": "mob",
        "crypts": 0,
        "clearScore": 4,
        "secretScore": 2,
        "shape": "1x1",
        "doors": "0011"
    },
    {
        "name": "Skull",
        "type": "normal",
        "secrets": 2,
        "cores": [
            1667732153,
            -46929855
        ],
        "roomID": 85,
        "clear": "mob",
        "crypts": 0,
        "clearScore": 7,
        "secretScore": 3,
        "shape": "1x2"
    },
    {
        "name": "Scaffolding",
        "type": "normal",
        "secrets": 2,
        "cores": [
            -116661966
        ],
        "roomID": 86,
        "clear": "mob",
        "crypts": 0,
        "clearScore": 2,
        "secretScore": 2,
        "shape": "1x1",
        "doors": "0011"
    },
    {
        "name": "Cobble Wall Pillar",
        "type": "normal",
        "secrets": 2,
        "cores": [
            259238824,
            -948372640
        ],
        "roomID": 87,
        "clear": "mob",
        "crypts": 1,
        "clearScore": 4,
        "secretScore": 3,
        "shape": "1x1",
        "doors": "1111"
    },
    {
        "name": "Buttons",
        "type": "normal",
        "secrets": 5,
        "cores": [
            160943502,
            561614439,
            823430452,
            2123177620
        ],
        "trappedChests": 1,
        "roomID": 88,
        "crypts": 21,
        "clearScore": 4,
        "secretScore": 7,
        "shape": "2x2"
    },
    {
        "name": "Overgrown",
        "type": "normal",
        "secrets": 3,
        "cores": [
            1858897577
        ],
        "roomID": 89,
        "clear": "mob",
        "crypts": 0,
        "clearScore": 4,
        "secretScore": 2,
        "shape": "1x1",
        "doors": "1011"
    },
    {
        "name": "Knight",
        "type": "normal",
        "secrets": 3,
        "cores": [
            -1746428299
        ],
        "roomID": 90,
        "clear": "mob",
        "crypts": 0,
        "clearScore": 4,
        "secretScore": 3,
        "shape": "1x1",
        "doors": "1111"
    },
    {
        "name": "Grand Library",
        "type": "normal",
        "secrets": 4,
        "cores": [
            749593273,
            -1617288919,
            923008201,
            1793262069,
            1402857129,
            -117781590,
            1843550199,
            -1252862312,
            -1341182153,
            -1329426456,
            1755230358,
            -1829961912,
            -1741792170,
            -323086122,
            436826935,
            -997825687,
            -231812216
        ],
        "roomID": 91,
        "clear": "mob",
        "crypts": 2,
        "clearScore": 5,
        "secretScore": 5,
        "shape": "1x2"
    },
    {
        "name": "Well",
        "type": "normal",
        "secrets": 7,
        "cores": [
            718434953,
            196766004,
            1955671195
        ],
        "roomID": 92,
        "clear": "miniboss",
        "crypts": 5,
        "clearScore": 3,
        "secretScore": 7,
        "shape": "L"
    },
    {
        "name": "Andesite",
        "type": "normal",
        "secrets": 2,
        "cores": [
            -673246822
        ],
        "roomID": 93,
        "clear": "mob",
        "crypts": 0,
        "clearScore": 3,
        "secretScore": 2,
        "shape": "1x1",
        "doors": "0011"
    },
    {
        "name": "Locked Away",
        "type": "normal",
        "secrets": 1,
        "cores": [
            754378401
        ],
        "roomID": 94,
        "clear": "mob",
        "crypts": 1,
        "clearScore": 2,
        "secretScore": 2,
        "shape": "1x1",
        "doors": "0011"
    },
    {
        "name": "Sarcophagus",
        "type": "normal",
        "secrets": 3,
        "cores": [
            1986002687,
            1907859753
        ],
        "roomID": 95,
        "clear": "mob",
        "crypts": 1,
        "clearScore": 3,
        "secretScore": 3,
        "shape": "1x1",
        "doors": "0101"
    },
    {
        "name": "Tomioka",
        "type": "normal",
        "secrets": 0,
        "cores": [
            -195263543
        ],
        "roomID": 96,
        "clear": "mob",
        "crypts": 0,
        "clearScore": 2,
        "secretScore": 0,
        "shape": "1x1",
        "doors": "0011"
    },
    {
        "name": "Arrow Trap",
        "type": "normal",
        "secrets": 1,
        "cores": [
            332584803
        ],
        "roomID": 97,
        "clear": "mob",
        "crypts": 1,
        "clearScore": 3,
        "secretScore": 2,
        "shape": "1x1",
        "doors": "0101"
    },
    {
        "name": "Melon",
        "type": "normal",
        "secrets": 7,
        "cores": [
            158528145,
            1964904676,
            -325025964
        ],
        "roomID": 98,
        "clear": "miniboss",
        "crypts": 4,
        "clearScore": 4,
        "secretScore": 7,
        "shape": "L"
    },
    {
        "name": "End",
        "type": "normal",
        "secrets": 2,
        "cores": [
            -1897192562
        ],
        "roomID": 99,
        "clear": "mob",
        "crypts": 1,
        "clearScore": 4,
        "secretScore": 3,
        "shape": "1x1",
        "doors": "0101"
    },
    {
        "name": "Perch",
        "type": "normal",
        "secrets": 2,
        "cores": [
            27598620
        ],
        "roomID": 100,
        "clear": "mob",
        "crypts": 1,
        "clearScore": 3,
        "secretScore": 2,
        "shape": "1x1",
        "doors": "0011"
    },
    {
        "name": "Multicolored",
        "type": "normal",
        "secrets": 1,
        "cores": [
            -671539463
        ],
        "roomID": 101,
        "clear": "mob",
        "crypts": 0,
        "clearScore": 3,
        "secretScore": 3,
        "shape": "1x1",
        "doors": "1111"
    },
    {
        "name": "Painting",
        "type": "normal",
        "secrets": 2,
        "cores": [
            474745227
        ],
        "roomID": 102,
        "clear": "mob",
        "crypts": 0,
        "clearScore": 4,
        "secretScore": 3,
        "shape": "1x1",
        "doors": "0011"
    },
    {
        "name": "Layers",
        "type": "normal",
        "secrets": 8,
        "cores": [
            820948152,
            1516049261,
            -1910037748,
            1695415401
        ],
        "roomID": 103,
        "clear": "mob",
        "crypts": 3,
        "clearScore": 10,
        "secretScore": 8,
        "shape": "L"
    },
    {
        "name": "Supertall",
        "type": "normal",
        "secrets": 6,
        "cores": [
            -46683467,
            291711773,
            1522346451,
            -1376632689
        ],
        "roomID": 104,
        "clear": "miniboss",
        "crypts": 6,
        "clearScore": 4,
        "secretScore": 7,
        "shape": "2x2"
    },
    {
        "name": "Admin",
        "type": "normal",
        "secrets": 0,
        "cores": [
            -1989372370
        ],
        "roomID": 105,
        "clear": "mob",
        "crypts": 34,
        "clearScore": 1,
        "secretScore": 0,
        "shape": "1x1",
        "doors": "0101"
    },
    {
        "name": "Silvers Sword",
        "type": "normal",
        "secrets": 1,
        "cores": [
            -224496952
        ],
        "roomID": 106,
        "clear": "mob",
        "crypts": 0,
        "clearScore": 6,
        "secretScore": 1,
        "shape": "1x1",
        "doors": "0101"
    },
    {
        "name": "Logs",
        "type": "normal",
        "secrets": 4,
        "cores": [
            -1803705489
        ],
        "roomID": 107,
        "clear": "mob",
        "crypts": 0,
        "clearScore": 3,
        "secretScore": 3,
        "shape": "1x1",
        "doors": "1111"
    },
    {
        "name": "Pedestal",
        "type": "normal",
        "secrets": 5,
        "cores": [
            -1346033867,
            281551136
        ],
        "roomID": 108,
        "clear": "mob",
        "crypts": 1,
        "clearScore": 8,
        "secretScore": 5,
        "shape": "1x2"
    },
    {
        "name": "Prison Cell",
        "type": "normal",
        "secrets": 1,
        "cores": [
            1172045122
        ],
        "roomID": 109,
        "clear": "mob",
        "crypts": 1,
        "clearScore": 4,
        "secretScore": 2,
        "shape": "1x1",
        "doors": "0011"
    },
    {
        "name": "Grass Ruin",
        "type": "normal",
        "secrets": 3,
        "cores": [
            568565222,
            -786211724,
            897663506,
            836101299
        ],
        "roomID": 110,
        "clear": "mob",
        "crypts": 4,
        "clearScore": 6,
        "secretScore": 5,
        "shape": "1x2",
        "doors": "0011"
    },
    {
        "name": "Granite",
        "type": "normal",
        "secrets": 2,
        "cores": [
            -456244067
        ],
        "roomID": 111,
        "clear": "mob",
        "crypts": 0,
        "clearScore": 4,
        "secretScore": 3,
        "shape": "1x1",
        "doors": "0101"
    },
    {
        "name": "Mage",
        "type": "normal",
        "secrets": 4,
        "cores": [
            1089356068,
            -338946136
        ],
        "roomID": 112,
        "clear": "mob",
        "crypts": 0,
        "clearScore": 8,
        "secretScore": 4,
        "shape": "1x2"
    },
    {
        "name": "Leaves",
        "type": "normal",
        "secrets": 1,
        "cores": [
            -1967474423,
            863355661
        ],
        "roomID": 113,
        "clear": "mob",
        "crypts": 1,
        "clearScore": 4,
        "secretScore": 3,
        "shape": "1x1",
        "doors": "1011"
    },
    {
        "name": "Redstone Key",
        "type": "normal",
        "secrets": 3,
        "cores": [
            348655632
        ],
        "trappedChests": 1,
        "roomID": 114,
        "clear": "mob",
        "crypts": 4,
        "clearScore": 3,
        "secretScore": 5,
        "shape": "1x1",
        "doors": "0101"
    },
    {
        "name": "Drop",
        "type": "normal",
        "secrets": 2,
        "cores": [
            -1236195770
        ],
        "roomID": 115,
        "clear": "mob",
        "crypts": 6,
        "clearScore": 3,
        "secretScore": 3,
        "shape": "1x1",
        "doors": "0101"
    },
    {
        "name": "Pillars",
        "type": "rare",
        "secrets": 1,
        "cores": [
            1216268340
        ],
        "roomID": 116,
        "clear": "mob",
        "crypts": 0,
        "clearScore": 5,
        "secretScore": 4,
        "shape": "1x1",
        "doors": "1000"
    },
    {
        "name": "Vinny 8 Ball",
        "type": "rare",
        "secrets": 1,
        "cores": [
            -1169880205
        ],
        "roomID": 117,
        "clear": "mob",
        "crypts": 4,
        "clearScore": 3,
        "secretScore": 1,
        "shape": "1x1",
        "doors": "1000"
    },
    {
        "name": "Golden Oasis",
        "type": "normal",
        "secrets": 1,
        "cores": [
            -1666473430
        ],
        "roomID": 118,
        "clear": "mob",
        "crypts": 1,
        "clearScore": 6,
        "secretScore": 3,
        "shape": "1x1",
        "doors": "1111"
    },
    {
        "name": "Black Flag",
        "type": "normal",
        "secrets": 3,
        "cores": [
            153580070
        ],
        "roomID": 119,
        "clear": "mob",
        "crypts": 1,
        "clearScore": 6,
        "secretScore": 4,
        "shape": "1x1",
        "doors": "1111"
    },
    {
        "name": "Sand Dragon",
        "type": "rare",
        "secrets": 1,
        "cores": [
            411647167
        ],
        "roomID": 120,
        "clear": "mob",
        "crypts": 1,
        "clearScore": 6,
        "secretScore": 3,
        "shape": "1x1",
        "doors": "1000"
    },
    {
        "name": "Chambers",
        "type": "normal",
        "secrets": 5,
        "cores": [
            368708000,
            252800591,
            1756685113
        ],
        "roomID": 121,
        "clear": "mob",
        "crypts": 6,
        "clearScore": 7,
        "secretScore": 6,
        "shape": "L"
    },
    {
        "name": "Doors",
        "type": "normal",
        "secrets": 5,
        "cores": [
            164990589,
            1033794268
        ],
        "roomID": 122,
        "clear": "mob",
        "crypts": 7,
        "clearScore": 4,
        "secretScore": 5,
        "shape": "1x2",
        "doors": "1000"
    },
    {
        "name": "Stone Window",
        "type": "rare",
        "secrets": 2,
        "cores": [
            477318192
        ],
        "roomID": 123,
        "clear": "mob",
        "crypts": 1,
        "clearScore": 5,
        "secretScore": 6,
        "shape": "1x1",
        "doors": "1000"
    },
    {
        "name": "Tombstone",
        "type": "rare",
        "secrets": 2,
        "cores": [
            1965783806
        ],
        "roomID": 124,
        "clear": "mob",
        "crypts": 0,
        "clearScore": 6,
        "secretScore": 4,
        "shape": "1x1",
        "doors": "1000"
    },
    {
        "name": "Lava Pit",
        "type": "rare",
        "secrets": 3,
        "cores": [
            1476944647
        ],
        "roomID": 125,
        "clear": "mob",
        "crypts": 0,
        "clearScore": 6,
        "secretScore": 4,
        "shape": "1x1",
        "doors": "1000"
    },
    {
        "name": "Trinity",
        "type": "rare",
        "secrets": 4,
        "cores": [
            256380076
        ],
        "roomID": 126,
        "clear": "mob",
        "crypts": 3,
        "clearScore": 6,
        "secretScore": 6,
        "shape": "1x1",
        "doors": "1000"
    },
    {
        "name": "Three Floors",
        "type": "rare",
        "secrets": 1,
        "cores": [
            467751445
        ],
        "roomID": 128,
        "clear": "mob",
        "crypts": null,
        "clearScore": 6,
        "secretScore": 6,
        "shape": "1x1",
        "doors": "1000"
    },
    {
        "name": "Mini Rail Track",
        "type": "rare",
        "secrets": 3,
        "cores": [
            -701175845
        ],
        "roomID": 129,
        "clear": "mob",
        "crypts": 3,
        "clearScore": 6,
        "secretScore": 6,
        "shape": "1x1",
        "doors": "1000"
    },
    {
        "name": "Staircase",
        "type": "normal",
        "secrets": 3,
        "cores": [
            1386509425
        ],
        "roomID": 130,
        "clear": "mob",
        "crypts": 0,
        "clearScore": 5,
        "secretScore": 3,
        "shape": "1x1",
        "doors": "0011"
    },
    {
        "name": "Pipes",
        "type": "normal",
        "secrets": 7,
        "cores": [
            952529534,
            -901820944,
            -664950032,
            -2024067702
        ],
        "roomID": 131,
        "clear": "mob",
        "crypts": 0,
        "clearScore": 9,
        "secretScore": 9,
        "shape": "1x4"
    },
    {
        "name": "Pirate",
        "type": "normal",
        "secrets": 6,
        "cores": [
            -1175423677,
            1942933815,
            2002468229
        ],
        "roomID": 133,
        "clear": "mob",
        "crypts": 0,
        "clearScore": 7,
        "secretScore": 6,
        "shape": "L"
    },
    {
        "name": "Altar",
        "type": "normal",
        "secrets": 6,
        "cores": [
            -1056592577,
            1823952110,
            -1690727070
        ],
        "roomID": 134,
        "clear": "mob",
        "crypts": 0,
        "clearScore": 8,
        "secretScore": 10,
        "shape": "L"
    },
    {
        "name": "Slime",
        "type": "normal",
        "secrets": 5,
        "cores": [
            -1050545277,
            611794931,
            1203689085
        ],
        "trappedChests": 1,
        "roomID": 135,
        "clear": "mob",
        "crypts": 0,
        "clearScore": 10,
        "secretScore": 6,
        "shape": "1x3"
    },
    {
        "name": "Temple",
        "type": "normal",
        "secrets": 3,
        "cores": [
            1480555517,
            787162812
        ],
        "roomID": 80,
        "clear": "mob",
        "crypts": 0,
        "clearScore": 3,
        "secretScore": 3,
        "shape": "1x1",
        "doors": "1011"
    },
    {
        "name": "Ritual",
        "type": "normal",
        "secrets": 3,
        "cores": [
            758637731
        ],
        "roomID": 138,
        "clear": "mob",
        "crypts": 0,
        "clearScore": 4,
        "secretScore": 4,
        "shape": "1x1",
        "doors": "0101"
    },
    {
        "name": "Teleport Maze",
        "type": "puzzle",
        "secrets": 0,
        "cores": [
            2089453469
        ],
        "roomID": 72,
        "crypts": 0,
        "shape": "1x1",
        "roomScore": 4,
        "doors": "1000"
    },
    {
        "name": "Criss Cross",
        "type": "normal",
        "secrets": 1,
        "cores": [
            650161016
        ],
        "roomID": 140,
        "clear": "mob",
        "crypts": 0,
        "clearScore": 3,
        "secretScore": 2,
        "shape": "1x1",
        "doors": "0101"
    },
    {
        "name": "Carpets",
        "type": "normal",
        "secrets": 1,
        "cores": [
            -1160833644,
            1250937585
        ],
        "roomID": 142,
        "clear": "mob",
        "crypts": 0,
        "clearScore": 4,
        "secretScore": 1,
        "shape": "1x1",
        "doors": "1111"
    },
    {
        "name": "Redstone Crypt",
        "type": "normal",
        "secrets": 3,
        "cores": [
            127199896,
            -1054702517,
            1039011083
        ],
        "roomID": 143,
        "clear": "mob",
        "crypts": 0,
        "clearScore": 3,
        "secretScore": 3,
        "shape": "1x1",
        "doors": "0011"
    },
    {
        "name": "Rare Carpets",
        "type": "rare",
        "secrets": 1,
        "cores": [
            1890757664
        ],
        "roomID": 144,
        "clear": "mob",
        "crypts": 0,
        "clearScore": 0,
        "secretScore": 0,
        "shape": "1x1",
        "doors": "1000"
    },
    {
        "name": "Zodd",
        "type": "normal",
        "secrets": 1,
        "cores": [
            105458531
        ],
        "roomID": 145,
        "clear": "mob",
        "crypts": 1,
        "clearScore": 0,
        "secretScore": 2,
        "shape": "1x1",
        "doors": "0011"
    }
]